name;value
LEVEL;3
L;2.000000e-06
W;2.300000e-05
RSH;3.000000e+01
RS;1.000000e-2
RD;1.000000e-2
CJ;0
CJSW;0
MJSW;3.300000e-01
JS;0
TOX;2.000000e-08
VTO;7.000000e-01
PHI;1
GAMMA;1
ETA;1.000000e-01
XJ;1.000000e-07
UO;4.000000e+02
THETA;1.000000e-03
VMAX;1.000000e+05
KAPPA;0